world_x,world_y,world_heading,world_vx,world_vy,slip_angle,yaw_rate,steer,throttle,hand_brake,brake,world_z,world_vz,pitch
-20.169153213500977,194.56964111328125,179.97132873535156,-33.73054504394531,0.01766042225062847,-0.001327289054160019,0.00023655446420889348,0.0,0.0,False,0.0,0.4612371325492859,-0.010767171159386635,3.3792426586151123
-20.169153213500977,194.56964111328125,179.97132873535156,-33.73054504394531,0.01766042225062847,-0.001327289054160019,0.08434728533029556,0.0,0.0,False,0.0,0.4612371325492859,-0.010767171159386635,3.3792426586151123
-20.337247848510742,194.56971740722656,179.9717254638672,-33.616146087646484,0.015327087603509426,0.0021508582797764575,0.30604788661003113,0.7075826525688171,0.0,False,0.00011926616571145132,0.4618951678276062,0.13496024906635284,3.3813259601593018
-20.670711517333984,194.56979370117188,179.97674560546875,-33.26396179199219,-0.0015002366853877902,-359.97416151068103,0.6973981857299805,0.9999986886978149,0.0,False,0.00011926616571145132,0.4651340842247009,0.4015771746635437,3.3962225914001465
-20.83662223815918,194.56976318359375,179.98306274414062,-33.165462493896484,-0.017134880647063255,-359.95346097825643,1.2678427696228027,0.9999986886978149,0.0,False,0.00011926616571145132,0.4676800072193146,0.5295414924621582,3.409022331237793
-21.002227783203125,194.56964111328125,179.99310302734375,-33.10013198852539,-0.03756767138838768,-359.92807403914526,2.010005474090576,0.9999986886978149,0.0,False,0.00011926616571145132,0.4708158075809479,0.653050422668457,3.4253056049346924
-21.16763687133789,194.56944274902344,-179.99232482910156,-33.05592727661133,-0.062479447573423386,0.10062021465617477,2.909487724304199,0.9999986886978149,0.0,False,0.00011926616571145132,0.474517822265625,0.7715730667114258,3.4449286460876465
-21.16763687133789,194.56944274902344,-179.99232482910156,-33.05592727661133,-0.062479447573423386,0.10062021465617477,3.952502727508545,0.9999986886978149,0.0,False,0.00011926616571145132,0.474517822265625,0.7715730667114258,3.4449286460876465
-21.498022079467773,194.56874084472656,-179.9468994140625,-32.998226165771484,-0.12465114146471024,0.1633337857398942,5.1290411949157715,0.9999986886978149,0.0,False,0.00011926616571145132,0.48363906145095825,1.0035146474838257,3.4881021976470947
-21.498022079467773,194.56874084472656,-179.9468994140625,-32.998226165771484,-0.12465114146471024,0.1633337857398942,6.4308576583862305,0.9999986886978149,0.0,False,0.00011926616571145132,0.48363906145095825,1.0035146474838257,3.4881021976470947
-21.82798957824707,194.56748962402344,-179.87547302246094,-32.957176208496094,-0.2021883875131607,0.22697145989141632,7.851163864135742,0.9999986886978149,0.0,False,0.00011926616571145132,0.49490582942962646,1.214743971824646,3.5343017578125
-21.992839813232422,194.56663513183594,-179.82859802246094,-32.93852615356445,-0.24603962898254395,0.2565701208929454,9.367990493774414,0.9999986886978149,0.0,False,0.00011926616571145132,0.5012752413749695,1.312062382698059,3.5583643913269043
-22.158056259155273,194.5657196044922,-179.77392578125,-32.900390625,-0.2914576828479767,0.2814838373636519,10.852246284484863,0.9999986886978149,0.0,False,0.00011926616571145132,0.5096049904823303,1.7165621519088745,3.6747918128967285
-22.323286056518555,194.56455993652344,-179.71287536621094,-32.88280487060547,-0.3300723433494568,0.28798193479966017,12.070060729980469,0.9999986886978149,0.0,False,0.00011926616571145132,0.5187513828277588,1.799925684928894,3.8122904300689697
-22.488380432128906,194.56326293945312,-179.64511108398438,-32.86502456665039,-0.37152335047721863,0.2927848211639912,13.41650676727295,0.9999986886978149,0.0,False,0.00011926616571145132,0.5282032489776611,1.882203221321106,3.9405477046966553
-22.65252685546875,194.56179809570312,-179.57032775878906,-32.82520294189453,-0.4157063663005829,0.29589667984103585,14.965354919433594,0.9999986886978149,0.0,False,0.00011926616571145132,0.5406543612480164,2.275681734085083,3.955669641494751
-22.816730499267578,194.56019592285156,-179.4879608154297,-32.81081771850586,-0.4620525538921356,0.29476519540850177,16.478450775146484,0.9999986886978149,0.0,False,0.00011926616571145132,0.5524370074272156,2.3003854751586914,3.9831271171569824
-22.980854034423828,194.5583953857422,-179.39773559570312,-32.7951774597168,-0.5110118389129639,0.29044161737704144,18.05901527404785,0.9999986886978149,0.0,False,0.00011926616571145132,0.5642812848091125,2.3257863521575928,4.009519100189209
-23.144887924194336,194.556396484375,-179.2993927001953,-32.77813720703125,-0.5626014471054077,0.282716535028527,19.69097900390625,0.9999986886978149,0.0,False,0.00011926616571145132,0.57618248462677,2.352538585662842,4.0334038734436035
-23.308813095092773,194.55419921875,-179.19261169433594,-32.759769439697266,-0.6169175505638123,0.2714530639208306,21.37501335144043,0.9999986886978149,0.0,False,0.00011926616571145132,0.5881698131561279,2.3828988075256348,4.053587436676025
-23.47262954711914,194.55178833007812,-179.0771484375,-32.74039077758789,-0.6737501621246338,0.2560467961954771,23.117218017578125,0.9999986886978149,0.0,False,0.00011926616571145132,0.6002330780029297,2.4121789932250977,4.070252895355225
-23.636337280273438,194.54913330078125,-178.95272827148438,-32.719966888427734,-0.7330714464187622,0.2361915004748596,24.91522979736328,0.9999986886978149,0.0,False,0.00011926616571145132,0.6123795509338379,2.4404289722442627,4.084685325622559
-23.79994010925293,194.5462188720703,-178.81906127929688,-32.69844055175781,-0.7948567271232605,0.2115732080064845,26.764240264892578,0.9999986886978149,0.0,False,0.00011926616571145132,0.6246252059936523,2.4677441120147705,4.098536968231201
-23.96343994140625,194.5430450439453,-178.67593383789062,-32.67558670043945,-0.8590787053108215,0.18195875433269748,28.654186248779297,0.9999986886978149,0.0,False,0.00011926616571145132,0.6369847059249878,2.4941518306732178,4.113337993621826
-24.12688636779785,194.53982543945312,-178.52305603027344,-32.651344299316406,-0.9257199168205261,0.147051635772101,30.594655990600586,0.9999986886978149,0.0,False,0.00011926616571145132,0.6496214866638184,2.519727945327759,4.139470100402832
-24.290218353271484,194.53627014160156,-178.36021423339844,-32.62580871582031,-0.9948028326034546,0.10669506601243484,32.60743713378906,0.9999986886978149,0.0,False,0.00011926616571145132,0.6623717546463013,2.5449862480163574,4.167248249053955
-24.45343780517578,194.53237915039062,-178.187255859375,-32.59895324707031,-1.0662494897842407,0.06062349576436077,34.65678024291992,0.9999986886978149,0.0,False,0.00011926616571145132,0.6752308011054993,2.5695574283599854,4.196898460388184
-24.61651611328125,194.5281982421875,-178.00390625,-32.57072067260742,-1.1400409936904907,0.008555838072794586,36.738502502441406,0.9999986886978149,0.0,False,0.00011926616571145132,0.6881311535835266,2.5934834480285645,4.224765300750732
-24.779457092285156,194.523681640625,-177.8099365234375,-32.54105758666992,-1.2161363363265991,-0.04978066435896267,38.861515045166016,0.9999986886978149,0.0,False,0.00011926616571145132,0.7010959982872009,2.616638660430908,4.252803325653076
-24.9422607421875,194.5188446044922,-177.60528564453125,-32.50980758666992,-1.2945431470870972,-0.11439656138870191,41.01217269897461,0.9999986886978149,0.0,False,0.00011926616571145132,0.7141277194023132,2.6392924785614014,4.281524181365967
-25.104896545410156,194.51364135742188,-177.38992309570312,-32.476478576660156,-1.376016616821289,-0.1839266125145116,43.13423538208008,0.9999986886978149,0.0,False,0.00011926616571145132,0.7272612452507019,2.6666252613067627,4.309152603149414
-25.104896545410156,194.51364135742188,-177.38992309570312,-32.476478576660156,-1.376016616821289,-0.1839266125145116,45.28513717651367,0.9999986886978149,0.0,False,0.00011926616571145132,0.7272612452507019,2.6666252613067627,4.309152603149414
-25.4296875,194.502197265625,-176.9272918701172,-32.40614318847656,-1.5435218811035156,-0.3457405462085319,47.31280517578125,0.9999986886978149,0.0,False,0.00011926616571145132,0.7538886070251465,2.718207836151123,4.364504337310791
-25.4296875,194.502197265625,-176.9272918701172,-32.40614318847656,-1.5435218811035156,-0.3457405462085319,49.256065368652344,0.9999986886978149,0.0,False,0.00011926616571145132,0.7538886070251465,2.718207836151123,4.364504337310791
-25.75381088256836,194.48948669433594,-176.42425537109375,-32.33271026611328,-1.7128177881240845,-0.5433485783102299,51.189735412597656,0.9999986886978149,0.0,False,0.00011926616571145132,0.7809467315673828,2.7600765228271484,4.420812606811523
-25.91560935974121,194.4826202392578,-176.15756225585938,-32.2930793762207,-1.8007123470306396,-0.6508411318469314,53.17023468017578,0.9999986886978149,0.0,False,0.00011926616571145132,0.7946196794509888,2.7796452045440674,4.449608325958252
-25.91560935974121,194.4826202392578,-176.15756225585938,-32.2930793762207,-1.8007123470306396,-0.6508411318469314,55.43702697753906,0.9999986886978149,0.0,False,0.00011926616571145132,0.7946196794509888,2.7796452045440674,4.449608325958252
-26.07721710205078,194.47537231445312,-175.87948608398438,-32.24918746948242,-1.895058274269104,-0.7575106765064277,57.67215347290039,0.9999986886978149,0.0,False,0.00011926616571145132,0.8083935379981995,2.8021233081817627,4.479866027832031
-26.238622665405273,194.4677276611328,-175.59011840820312,-32.2038459777832,-1.9905387163162231,-0.8728954920187277,59.874698638916016,0.9999986886978149,0.0,False,0.00011926616571145132,0.8222612738609314,2.8231582641601562,4.511585712432861
-26.56082534790039,194.45130920410156,-174.97799682617188,-32.108680725097656,-2.184762477874756,-1.1294414687928054,62.04401397705078,0.9999986886978149,0.0,False,0.00011926616571145132,0.8502511978149414,2.8611605167388916,4.579470634460449
-26.721601486206055,194.44247436523438,-174.6555633544922,-32.05878829956055,-2.2834384441375732,-1.270333482189443,64.17959594726562,0.9999986886978149,0.0,False,0.00011926616571145132,0.8643603324890137,2.878255844116211,4.61562967300415
-26.721601486206055,194.44247436523438,-174.6555633544922,-32.05878829956055,-2.2834384441375732,-1.270333482189443,66.20033264160156,0.9999986886978149,0.0,False,0.00011926616571145132,0.8643603324890137,2.878255844116211,4.61562967300415
-27.042457580566406,194.42364501953125,-173.97998046875,-31.95444679260254,-2.483987331390381,-1.575055948659383,68.099609375,0.986476480960846,0.0,False,0.00011926616571145132,0.8928531408309937,2.9149246215820312,4.688179969787598
-27.202516555786133,194.41358947753906,-173.62803649902344,-31.90106201171875,-2.5839052200317383,-1.741259546397231,69.93973541259766,0.9009470343589783,0.0,False,0.00011926616571145132,0.9072408080101013,2.931195020675659,4.722659111022949
-27.202516555786133,194.41358947753906,-173.62803649902344,-31.90106201171875,-2.5839052200317383,-1.741259546397231,71.73416137695312,0.9009470343589783,0.0,False,0.00011926616571145132,0.9072408080101013,2.931195020675659,4.722659111022949
-27.521869659423828,194.39218139648438,-172.8972930908203,-31.790607452392578,-2.7843263149261475,-2.0973258617203214,73.48204040527344,0.7373489141464233,0.0,False,0.00011926616571145132,0.9362518787384033,2.9581704139709473,4.788064956665039
-27.6811466217041,194.38082885742188,-172.51866149902344,-31.731943130493164,-2.8869357109069824,-2.2829454483975837,75.22022247314453,0.6084040999412537,0.0,False,0.00011926616571145132,0.950862467288971,2.9706029891967773,4.819360733032227
-27.840158462524414,194.36903381347656,-172.1312255859375,-31.67143440246582,-2.9913976192474365,-2.4731394106558184,76.89958953857422,0.509380042552948,0.0,False,0.00011926616571145132,0.9655460119247437,2.985090970993042,4.850608825683594
-27.9988956451416,194.35679626464844,-171.73416137695312,-31.6082763671875,-3.0992825031280518,-2.6657238810691695,78.80811309814453,0.37280166149139404,0.0,False,0.00011926616571145132,0.9803094863891602,3.002286195755005,4.88270378112793
-27.9988956451416,194.35679626464844,-171.73416137695312,-31.6082763671875,-3.0992825031280518,-2.6657238810691695,80.51805877685547,0.37280166149139404,0.0,False,0.00011926616571145132,0.9803094863891602,3.002286195755005,4.88270378112793
-28.315589904785156,194.3308868408203,-170.9152069091797,-31.48969841003418,-3.3064167499542236,-3.0907029907641004,82.03820037841797,0.14441873133182526,0.0,False,0.00011926616571145132,1.0100466012954712,3.0320026874542236,4.949086666107178
-28.473573684692383,194.3172607421875,-170.49510192871094,-31.434309005737305,-3.4060144424438477,-3.3208311760436686,83.37615966796875,0.04048079997301102,0.0,False,0.00011926616571145132,1.0250070095062256,3.0447075366973877,4.9832444190979
-28.473573684692383,194.3172607421875,-170.49510192871094,-31.381122589111328,-3.503849744796753,-3.1339427866463723,84.46723937988281,-0.03654414042830467,0.0,False,0.00011926616571145132,1.0250070095062256,3.057445526123047,4.9832444190979
-28.788862228393555,194.2886505126953,-169.6393280029297,-31.330034255981445,-3.6001977920532227,-3.805450247736843,85.3086166381836,-0.10837513953447342,0.0,False,0.00011926616571145132,1.055126428604126,3.0707385540008545,5.051102161407471
-28.946170806884766,194.273681640625,-169.20596313476562,-31.280717849731445,-3.695662498474121,-4.05605747277761,85.93250274658203,-0.2153102308511734,0.0,False,0.00011926616571145132,1.0703037977218628,3.0849640369415283,5.083333969116211
-29.10326385498047,194.2582550048828,-168.77032470703125,-31.233497619628906,-3.7891652584075928,-4.312506209875494,86.38372039794922,-0.3221869170665741,0.0,False,0.00011926616571145132,1.0855618715286255,3.0985167026519775,5.1140217781066895
-29.260154724121094,194.2423858642578,-168.3332061767578,-31.188434600830078,-3.8802473545074463,-4.574893902139138,86.6821517944336,-0.42221078276634216,0.0,False,0.00011926616571145132,1.100892186164856,3.110708475112915,5.143234729766846
-29.41684913635254,194.22604370117188,-167.8953094482422,-31.145429611206055,-3.9688897132873535,-4.842578693221526,86.83147430419922,-0.5210269689559937,0.0,False,0.00011926616571145132,1.116288185119629,3.121614933013916,5.171074390411377
-29.573360443115234,194.20928955078125,-167.45687866210938,-31.102378845214844,-4.058323383331299,-5.109012008031783,86.89163208007812,-0.6130111813545227,0.0,False,0.00011926616571145132,1.1317555904388428,3.1350033283233643,5.198415756225586
-29.72969627380371,194.19210815429688,-167.01846313476562,-31.060819625854492,-4.145998477935791,-5.3786365612081966,86.82041931152344,-0.6977013945579529,0.0,False,0.00011926616571145132,1.1472922563552856,3.148366928100586,5.225490570068359
-29.8858585357666,194.17445373535156,-166.58029174804688,-31.019784927368164,-4.233233451843262,-5.648625745942184,86.7564468383789,-0.806338906288147,0.0,False,0.00011926616571145132,1.1629003286361694,3.1630327701568604,5.252872943878174
-30.041852951049805,194.15635681152344,-166.1427764892578,-30.979955673217773,-4.318881511688232,-5.920832356712083,86.6285400390625,-0.9282371401786804,0.0,False,0.00011926616571145132,1.1785798072814941,3.1783456802368164,5.280938148498535
-30.19768524169922,194.13784790039062,-165.7068328857422,-30.94224739074707,-4.40113639831543,-6.1978815358472445,86.32376861572266,-0.9999986886978149,0.0,False,0.00011926616571145132,1.194324254989624,3.192291498184204,5.309672832489014
-30.353363037109375,194.11888122558594,-165.2733612060547,-30.90643310546875,-4.4800944328308105,-6.478681616163271,85.83457946777344,-0.9999986886978149,0.0,False,0.00011926616571145132,1.2101285457611084,3.2050387859344482,5.3389739990234375
-30.508886337280273,194.09950256347656,-164.84396362304688,-30.87163734436035,-4.557857513427734,-6.757615263531136,84.9878921508789,-0.9999986886978149,0.0,False,0.00011926616571145132,1.226009726524353,3.2196178436279297,5.367763519287109
-30.66425895690918,194.07972717285156,-164.41944885253906,-30.83865737915039,-4.632136821746826,-7.038269111758069,83.9879150390625,-0.9999986886978149,0.0,False,0.00011926616571145132,1.2419617176055908,3.2328734397888184,5.396060943603516
-30.66425895690918,194.07972717285156,-164.41944885253906,-30.83865737915039,-4.632136821746826,-7.038269111758069,82.7718505859375,-0.9999986886978149,0.0,False,0.00011926616571145132,1.2419617176055908,3.2328734397888184,5.396060943603516
-30.97454833984375,194.03892517089844,-163.5897216796875,-30.776119232177734,-4.773778438568115,-7.593218816553247,81.34607696533203,-0.9999986886978149,0.0,False,0.00011926616571145132,1.2740938663482666,3.2599427700042725,5.449418544769287
-31.129465103149414,194.0178985595703,-163.18649291992188,-30.74700927734375,-4.839571952819824,-7.8685526866141515,79.77140045166016,-0.9999986886978149,0.0,False,0.00011926616571145132,1.2902709245681763,3.272326946258545,5.474205017089844
-31.28423500061035,193.9965057373047,-162.7919464111328,-30.719396591186523,-4.901449680328369,-8.142608842206357,78.04813385009766,-0.9999986886978149,0.0,False,0.00011926616571145132,1.306512475013733,3.283492088317871,5.497851371765137
-31.438871383666992,193.97470092773438,-162.40615844726562,-30.691320419311523,-4.963318824768066,-8.407649927019861,76.26712799072266,-0.9999986886978149,0.0,False,0.00011926616571145132,1.3228282928466797,3.298090934753418,5.521422386169434
-31.59337043762207,193.95257568359375,-162.0291748046875,-30.663724899291992,-5.02371072769165,-8.666579463272114,74.43669891357422,-0.9999986886978149,0.0,False,0.00011926616571145132,1.339212417602539,3.3117191791534424,5.54500675201416
-31.747737884521484,193.93006896972656,-161.66152954101562,-30.636627197265625,-5.082479000091553,-8.919143285247145,72.55933380126953,-0.9999986886978149,0.0,False,0.00011926616571145132,1.3556586503982544,3.3239970207214355,5.56864595413208
-31.90196418762207,193.90719604492188,-161.30299377441406,-30.609113693237305,-5.140744686126709,-9.163258515377294,70.74644470214844,-0.9999986886978149,0.0,False,0.00011926616571145132,1.372172474861145,3.3388099670410156,5.593104839324951
-32.056053161621094,193.88392639160156,-160.95394897460938,-30.581918716430664,-5.19746208190918,-9.400671701506724,68.89891815185547,-0.9999986886978149,0.0,False,0.00011926616571145132,1.3887503147125244,3.353161334991455,5.618567943572998
-32.20999526977539,193.8603057861328,-160.6150665283203,-30.554445266723633,-5.253872394561768,-9.628269985240479,66.86405181884766,-0.9999986886978149,0.0,False,0.00011926616571145132,1.4053977727890015,3.367725133895874,5.644454479217529
-32.36378479003906,193.83631896972656,-160.28720092773438,-30.526878356933594,-5.309657573699951,-9.84583483686339,64.67584228515625,-0.9999986886978149,0.0,False,0.00011926616571145132,1.4221196174621582,3.3823933601379395,5.670251846313477
-32.51742172241211,193.8119659423828,-159.9703826904297,-30.49981117248535,-5.363546848297119,-10.055841841219205,62.4478645324707,-0.9999986886978149,0.0,False,0.00011926616571145132,1.4389084577560425,3.3956799507141113,5.696002006530762
-32.67090606689453,193.78726196289062,-159.6651153564453,-30.472896575927734,-5.416083812713623,-10.256692570707088,60.15250778198242,-0.9999986886978149,0.0,False,0.00011926616571145132,1.455761432647705,3.408132791519165,5.721580982208252
-32.824214935302734,193.76217651367188,-159.37234497070312,-30.445383071899414,-5.468934059143066,-10.444162257196268,57.705142974853516,-0.9999986886978149,0.0,False,0.00011926616571145132,1.4726885557174683,3.4216983318328857,5.746203899383545
-32.97735595703125,193.7367401123047,-159.09219360351562,-30.41840171813965,-5.519715309143066,-10.622841117150358,55.224456787109375,-0.9999986886978149,0.0,False,0.00011926616571145132,1.489683747291565,3.4339663982391357,5.769986629486084
-33.13032913208008,193.7109375,-158.82485961914062,-30.39195442199707,-5.568399429321289,-10.79259143087009,52.7119255065918,-0.9999986886978149,0.0,False,0.00011926616571145132,1.5067390203475952,3.444979429244995,5.793065547943115
-33.28314208984375,193.684814453125,-158.5704345703125,-30.365684509277344,-5.615074157714844,-10.953049753384079,50.14118957519531,-0.9999986886978149,0.0,False,0.00011926616571145132,1.5238558053970337,3.4569473266601562,5.815939903259277
-33.435791015625,193.6583709716797,-158.3290557861328,-30.339889526367188,-5.659605503082275,-11.10442947124534,47.53470993041992,-0.9999986886978149,0.0,False,0.00011926616571145132,1.5410287380218506,3.4680910110473633,5.838773250579834
-33.588279724121094,193.631591796875,-158.10092163085938,-30.31460952758789,-5.7019805908203125,-11.246577230883844,44.89752960205078,-0.9999986886978149,0.0,False,0.00011926616571145132,1.5582515001296997,3.478065013885498,5.861599922180176
-33.74060821533203,193.60452270507812,-157.88619995117188,-30.289762496948242,-5.742194175720215,-11.37931433120579,42.234344482421875,-0.9999986886978149,0.0,False,0.00011926616571145132,1.5755184888839722,3.4869801998138428,5.884487628936768
-33.89277648925781,193.57716369628906,-157.68490600585938,-30.265119552612305,-5.7803168296813965,-11.502423908654379,39.584590911865234,-0.9999986886978149,0.0,False,0.00011926616571145132,1.5928319692611694,3.49721097946167,5.907963275909424
-33.89277648925781,193.57716369628906,-157.68490600585938,-30.265119552612305,-5.7803168296813965,-11.502423908654379,36.720947265625,-0.9999986886978149,0.0,False,0.00011926616571145132,1.5928319692611694,3.49721097946167,5.907963275909424
-34.19660949707031,193.52154541015625,-157.32598876953125,-30.2147159576416,-5.854578495025635,-11.707942237027112,33.77743148803711,-0.9999986886978149,0.0,False,0.00011926616571145132,1.6276297569274902,3.519352912902832,5.954333305358887
-34.348270416259766,193.49330139160156,-157.16873168945312,-30.190143585205078,-5.888574600219727,-11.794323083236748,30.818330764770508,-0.9999986886978149,0.0,False,0.00011926616571145132,1.6451081037521362,3.529125690460205,5.977091312408447
-34.49976348876953,193.46478271484375,-157.0264434814453,-30.16609764099121,-5.920258045196533,-11.870072446490212,27.84459114074707,-0.9999986886978149,0.0,False,0.00011926616571145132,1.6626315116882324,3.5378212928771973,5.999665260314941
-34.65107345581055,193.4359893798828,-156.89993286132812,-30.141263961791992,-5.951879978179932,-11.929796401518445,24.739320755004883,-0.9999986886978149,0.0,False,0.00011926616571145132,1.680210828781128,3.5477852821350098,6.021337509155273
-34.80220031738281,193.4069366455078,-156.78941345214844,-30.11675453186035,-5.981483459472656,-11.977261957224727,21.601463317871094,-0.9999986886978149,0.0,False,0.00011926616571145132,1.69784414768219,3.5572078227996826,6.04205322265625
-34.95314025878906,193.3776092529297,-156.6949462890625,-30.092809677124023,-6.008591651916504,-12.013375391321205,18.455095291137695,-0.9999986886978149,0.0,False,0.00011926616571145132,1.7155251502990723,3.5656023025512695,6.061935901641846
-35.103904724121094,193.3480224609375,-156.61648559570312,-30.069400787353516,-6.033207416534424,-12.038175588791205,15.30044937133789,-0.9999986886978149,0.0,False,0.00011926616571145132,1.733248233795166,3.5730295181274414,6.081115245819092
-35.103904724121094,193.3480224609375,-156.61648559570312,-30.069400787353516,-6.033207416534424,-12.038175588791205,12.139397621154785,-0.9999986886978149,0.0,False,0.00011926616571145132,1.733248233795166,3.5730295181274414,6.081115245819092
-35.4049072265625,193.28817749023438,-156.50787353515625,-30.02411460876465,-6.074988842010498,-12.053502615494693,8.971903800964355,-0.9999986886978149,0.0,False,0.00011926616571145132,1.7687989473342896,3.585130453109741,6.1177520751953125
-35.555152893066406,193.25794982910156,-156.47769165039062,-30.002182006835938,-6.092171669006348,-12.044024665451502,5.7989935874938965,-0.9999986886978149,0.0,False,0.00011926616571145132,1.7866162061691284,3.5899085998535156,6.1354217529296875
-35.70522689819336,193.22750854492188,-156.4636993408203,-29.980682373046875,-6.106888294219971,-12.022997472411788,2.6208176612854004,-0.9999986886978149,0.0,False,0.00011926616571145132,1.8044556379318237,3.5939178466796875,6.152770519256592
-35.85513687133789,193.19686889648438,-156.466064453125,-29.959190368652344,-6.1197991371154785,-11.988889311868292,-0.6203681230545044,-0.9999986886978149,0.0,False,0.00011926616571145132,1.8223180770874023,3.5978963375091553,6.1696343421936035
-36.0048828125,193.1660919189453,-156.48501586914062,-29.93778419494629,-6.1307806968688965,-11.941732425721028,-3.910170316696167,-0.9999986886978149,0.0,False,0.00011926616571145132,1.8402047157287598,3.6018285751342773,6.185863018035889
-36.15446090698242,193.1351318359375,-156.52047729492188,-29.91678237915039,-6.139238357543945,-11.882821714898625,-7.192590713500977,-0.9999986886978149,0.0,False,0.00011926616571145132,1.8581112623214722,3.6050424575805664,6.201572418212891
-36.303871154785156,193.10401916503906,-156.5724639892578,-29.896148681640625,-6.145167827606201,-11.812144691876398,-10.467754364013672,-0.9999986886978149,0.0,False,0.00011926616571145132,1.8760337829589844,3.607579469680786,6.216831207275391
-36.453121185302734,193.07276916503906,-156.64109802246094,-29.875585556030273,-6.148991584777832,-11.728697945981082,-13.755537986755371,-0.9999986886978149,0.0,False,0.00011926616571145132,1.8939710855484009,3.6099226474761963,6.231577396392822
-36.453121185302734,193.07276916503906,-156.64109802246094,-29.875585556030273,-6.148991584777832,-11.728697945981082,-17.070873260498047,-0.9999986886978149,0.0,False,0.00011926616571145132,1.8939710855484009,3.6099226474761963,6.231577396392822
-36.751121520996094,193.00987243652344,-156.82876586914062,-29.834577560424805,-6.150327682495117,-11.523019284333571,-20.37489128112793,-0.9999986886978149,0.0,False,0.00011926616571145132,1.929897427558899,3.614604949951172,6.258945941925049
-36.899879455566406,192.97824096679688,-156.9477081298828,-29.814531326293945,-6.14699649810791,-11.402599915028361,-23.66732406616211,-0.9999986886978149,0.0,False,0.00011926616571145132,1.9478784799575806,3.6160383224487305,6.271745681762695
-37.04847717285156,192.946533203125,-157.0832977294922,-29.79473876953125,-6.1410088539123535,-11.270527882874404,-26.946500778198242,-0.9999986886978149,0.0,False,0.00011926616571145132,1.9658671617507935,3.616898536682129,6.28409481048584
-37.196922302246094,192.9147186279297,-157.2353973388672,-29.7751522064209,-6.132359027862549,-11.126943201300179,-30.211851119995117,-0.9999986886978149,0.0,False,0.00011926616571145132,1.9838597774505615,3.6172311305999756,6.2960405349731445
-37.34521484375,192.88287353515625,-157.4040069580078,-29.7557373046875,-6.12104606628418,-10.971845195240206,-33.4622917175293,-0.9999986886978149,0.0,False,0.00011926616571145132,2.0018539428710938,3.6170594692230225,6.307658672332764
-37.34521484375,192.88287353515625,-157.4040069580078,-29.7557373046875,-6.12104606628418,-10.971845195240206,-36.69635009765625,-0.9999986886978149,0.0,False,0.00011926616571145132,2.0018539428710938,3.6170594692230225,6.307658672332764
-37.64134979248047,192.81898498535156,-157.79029846191406,-29.717233657836914,-6.09043025970459,-10.627540668563114,-39.91265106201172,-0.9999986886978149,0.0,False,0.00011926616571145132,2.0378339290618896,3.6153197288513184,6.330191612243652
-37.78919982910156,192.7869873046875,-158.00778198242188,-29.69805908203125,-6.071117877960205,-10.43854110912352,-43.10979080200195,-0.9999986886978149,0.0,False,0.00011926616571145132,2.055814743041992,3.613806962966919,6.341195106506348
-37.93690490722656,192.75497436523438,-158.24134826660156,-29.678878784179688,-6.04913330078125,-10.238452121499108,-46.285823822021484,-0.9999986886978149,0.0,False,0.00011926616571145132,2.073786497116089,3.611891984939575,6.352075576782227
-38.08447265625,192.72296142578125,-158.49090576171875,-29.659643173217773,-6.02446985244751,-10.027372202088202,-49.439151763916016,-0.9999986886978149,0.0,False,0.00011926616571145132,2.091747283935547,3.6096062660217285,6.362901210784912
-38.231895446777344,192.69097900390625,-158.7563018798828,-29.640304565429688,-5.997133255004883,-9.805439396175899,-52.56767272949219,-0.9999986886978149,0.0,False,0.00011926616571145132,2.109694719314575,3.606966733932495,6.373665809631348
-38.37918472290039,192.65899658203125,-159.03741455078125,-29.620819091796875,-5.967103958129883,-9.572810434953283,-55.669151306152344,-0.9999986886978149,0.0,False,0.00011926616571145132,2.12762713432312,3.6039857864379883,6.384402751922607
-38.52633285522461,192.62705993652344,-159.33409118652344,-29.60113525390625,-5.934376239776611,-9.329645025978152,-58.74152755737305,-0.9999986886978149,0.0,False,0.00011926616571145132,2.145542860031128,3.6006956100463867,6.39514684677124
-38.67335510253906,192.59518432617188,-159.64614868164062,-29.581199645996094,-5.898954391479492,-9.076115084994342,-61.78219985961914,-0.9999986886978149,0.0,False,0.00011926616571145132,2.163440227508545,3.5971038341522217,6.405890464782715
-38.82024002075195,192.5634002685547,-159.97340393066406,-29.56096649169922,-5.860818386077881,-8.812441763288177,-64.78863525390625,-0.9999986886978149,0.0,False,0.00011926616571145132,2.1813175678253174,3.5932328701019287,6.416668891906738
-38.96699142456055,192.53167724609375,-160.31568908691406,-29.540380477905273,-5.819968223571777,-8.538791344265832,-67.75839233398438,-0.9999986886978149,0.0,False,0.00011926616571145132,2.199173927307129,3.5890986919403076,6.427480697631836
-39.11361312866211,192.50003051757812,-160.67286682128906,-29.519393920898438,-5.776409149169922,-8.25529385103789,-70.68746948242188,-0.9999986886978149,0.0,False,0.00011926616571145132,2.217008113861084,3.584702730178833,6.43830680847168
-39.26010513305664,192.46853637695312,-161.04461669921875,-29.497947692871094,-5.730113983154297,-7.962320178333954,-73.57389068603516,-0.9999986886978149,0.0,False,0.00011926616571145132,2.234818458557129,3.5800743103027344,6.449173450469971
-39.406463623046875,192.43714904785156,-161.4307403564453,-29.47599220275879,-5.681090354919434,-7.660059084189726,-76.4139633178711,-0.9999986886978149,0.0,False,0.00011926616571145132,2.2526042461395264,3.5752131938934326,6.460026741027832
-39.552696228027344,192.40589904785156,-161.83106994628906,-29.453466415405273,-5.629324913024902,-7.348705469302928,-79.20469665527344,-0.9999986886978149,0.0,False,0.00011926616571145132,2.270364284515381,3.5701427459716797,6.470921039581299
-39.552696228027344,192.40589904785156,-161.83106994628906,-29.453466415405273,-5.629324913024902,-7.348705469302928,-81.94196319580078,-0.9999986886978149,0.0,False,0.00011926616571145132,2.270364284515381,3.5701427459716797,6.470921039581299
-39.698795318603516,192.37481689453125,-162.2452392578125,-29.43031883239746,-5.574827194213867,-7.028614778690951,-84.62156677246094,-0.9999986886978149,0.0,False,0.00011926616571145132,2.288098096847534,3.5648555755615234,6.481781005859375
-39.990604400634766,192.3131866455078,-163.11390686035156,-29.381933212280273,-5.4576239585876465,-6.363462988720244,-87.24105072021484,-0.9999986886978149,0.0,False,0.00011926616571145132,2.3234822750091553,3.553680419921875,6.503453254699707
-40.136314392089844,192.28265380859375,-163.56784057617188,-29.3565731048584,-5.394905090332031,-6.019007940965423,-89.79617309570312,-0.9999986886978149,0.0,False,0.00011926616571145132,2.3411314487457275,3.547811508178711,6.514183044433594
-40.281890869140625,192.2523651123047,-164.03439331054688,-29.330366134643555,-5.329452991485596,-5.667077736531667,-92.28229522705078,-0.9999986886978149,0.0,False,0.00011926616571145132,2.358750820159912,3.5417683124542236,6.524831771850586
-40.42733383178711,192.22227478027344,-164.51315307617188,-29.303251266479492,-5.261284828186035,-5.308064924628098,-94.69544219970703,-0.9999986886978149,0.0,False,0.00011926616571145132,2.376340389251709,3.5355420112609863,6.5353569984436035
-40.57263946533203,192.19247436523438,-165.00379943847656,-29.275157928466797,-5.190417289733887,-4.94227016954332,-97.03390502929688,-0.9493399858474731,0.0,False,0.00011926616571145132,2.3938989639282227,3.5291502475738525,6.545738697052002
-40.717811584472656,192.1629180908203,-165.5057830810547,-29.246253967285156,-5.117433547973633,-4.569227693029148,-99.28105926513672,-0.7796357274055481,0.0,False,0.00011926616571145132,2.411425828933716,3.522613048553467,6.555936336517334
-40.86285400390625,192.13365173339844,-166.01844787597656,-29.21744155883789,-5.044185161590576,-4.186395159897472,-101.37645721435547,-0.5939161777496338,0.0,False,0.00011926616571145132,2.428922176361084,3.51605224609375,6.565915107727051
-40.86285400390625,192.13365173339844,-166.01844787597656,-29.21744155883789,-5.044185161590576,-4.186395159897472,-103.32992553710938,-0.5939161777496338,0.0,False,0.00011926616571145132,2.428922176361084,3.51605224609375,6.565915107727051
-41.15257263183594,192.0759735107422,-167.0727996826172,-29.16158103942871,-4.896455764770508,-3.395704503217104,-105.14761352539062,-0.36582884192466736,0.0,False,0.00011926616571145132,2.463823080062866,3.503061532974243,6.585087299346924
-41.29726028442383,192.0475616455078,-167.6131134033203,-29.134979248046875,-4.821893692016602,-2.9895105576479466,-106.833740234375,-0.25620028376579285,0.0,False,0.00011926616571145132,2.481229305267334,3.496690511703491,6.594226360321045
-41.44184494018555,192.0194549560547,-168.16136169433594,-29.10940170288086,-4.746867656707764,-2.5769412993079186,-108.39083099365234,-0.17233142256736755,0.0,False,0.00011926616571145132,2.4986069202423096,3.490438222885132,6.6030168533325195
-41.586341857910156,191.99163818359375,-168.71688842773438,-29.084882736206055,-4.671420574188232,-2.1585725188103027,-109.82088470458984,-0.08292833715677261,0.0,False,0.00011926616571145132,2.5159566402435303,3.484307289123535,6.611424446105957
-41.730751037597656,191.9641571044922,-169.27903747558594,-29.06142234802246,-4.595600605010986,-1.7349579291147847,-111.12470245361328,0.013806692324578762,0.0,False,0.00011926616571145132,2.533280372619629,3.4783151149749756,6.619429588317871
-41.87508773803711,191.93701171875,-169.84719848632812,-29.039005279541016,-4.519473552703857,-1.3065658988654718,-112.30345916748047,0.08012951910495758,0.0,False,0.00011926616571145132,2.5505778789520264,3.4724550247192383,6.627017974853516
-41.87508773803711,191.93701171875,-169.84719848632812,-29.039005279541016,-4.519473552703857,-1.3065658988654718,-113.35712432861328,0.08012951910495758,0.0,False,0.00011926616571145132,2.5505778789520264,3.4724550247192383,6.627017974853516
-42.16355514526367,191.8836669921875,-170.9989776611328,-28.997177124023438,-4.3665947914123535,-0.43737305278463623,-114.28657531738281,0.1929389387369156,0.0,False,0.00011926616571145132,2.585099220275879,3.4611527919769287,6.640821933746338
-42.307701110839844,191.85751342773438,-171.58131408691406,-28.977684020996094,-4.290006637573242,0.0025104545879628404,-115.09183502197266,0.23414446413516998,0.0,False,0.00011926616571145132,2.6023242473602295,3.4556984901428223,6.646989345550537
-42.45179748535156,191.83169555664062,-172.16722106933594,-28.959068298339844,-4.213385105133057,0.4453555695106104,-115.77416229248047,0.26346689462661743,0.0,False,0.00011926616571145132,2.619527578353882,3.4504106044769287,6.652637958526611
-42.595848083496094,191.80624389648438,-172.75588989257812,-28.94130516052246,-4.136879920959473,0.8906635478211626,-116.33226776123047,0.2865675985813141,0.0,False,0.00011926616571145132,2.636708974838257,3.4452335834503174,6.657740116119385
-42.73986053466797,191.7811279296875,-173.34681701660156,-28.924335479736328,-4.060549259185791,1.3380735757067441,-116.76740264892578,0.2961367666721344,0.0,False,0.00011926616571145132,2.653869867324829,3.440185785293579,6.66231632232666
-42.883846282958984,191.75637817382812,-173.93936157226562,-28.908109664916992,-3.9844512939453125,1.787084543829792,-117.0798568725586,0.30062636733055115,0.0,False,0.00011926616571145132,2.671010971069336,3.4352946281433105,6.666318893432617
-43.02779769897461,191.7320098876953,-174.5329132080078,-28.892595291137695,-3.9087164402008057,2.2373617293878567,-117.26898956298828,0.3032417297363281,0.0,False,0.00011926616571145132,2.6881327629089355,3.4305219650268555,6.669740676879883
-43.17172622680664,191.70797729492188,-175.1267852783203,-28.87774085998535,-3.833430290222168,2.6884123000098725,-117.33597564697266,0.30607056617736816,0.0,False,0.00011926616571145132,2.7052361965179443,3.4258694648742676,6.67258882522583
-43.315635681152344,191.68435668945312,-175.720458984375,-28.863508224487305,-3.758667469024658,3.1398862551552043,-117.2793960571289,0.3138468563556671,0.0,False,0.00011926616571145132,2.7223219871520996,3.421358346939087,6.674836158752441
-43.45952224731445,191.6610870361328,-176.31320190429688,-28.849857330322266,-3.6845641136169434,3.5913405249624475,-117.09984588623047,0.32939833402633667,0.0,False,0.00011926616571145132,2.7393901348114014,3.416947603225708,6.6764960289001465
-43.6033935546875,191.63819885253906,-176.9044647216797,-28.83674430847168,-3.6111903190612793,4.042387191716756,-116.79670715332031,0.3411298990249634,0.0,False,0.00011926616571145132,2.7564423084259033,3.412665843963623,6.677568435668945
-43.74725341796875,191.6156768798828,-177.49354553222656,-28.82413101196289,-3.5386555194854736,4.492561020213287,-116.36985778808594,0.35240721702575684,0.0,False,0.00011926616571145132,2.7734782695770264,3.4085066318511963,6.67803955078125
-43.8911018371582,191.59353637695312,-178.07989501953125,-28.811973571777344,-3.46708083152771,4.9415735985985805,-115.81871795654297,0.36485081911087036,0.0,False,0.00011926616571145132,2.790499210357666,3.404456377029419,6.677916526794434
-44.03494644165039,191.57177734375,-178.662841796875,-28.800241470336914,-3.3965682983398438,5.388973841945784,-115.14229583740234,0.3749872148036957,0.0,False,0.00011926616571145132,2.8075051307678223,3.4005208015441895,6.677206039428711
-44.17877960205078,191.5503692626953,-179.24171447753906,-28.788890838623047,-3.3272650241851807,5.834402142883107,-114.34004974365234,0.3882775902748108,0.0,False,0.00011926616571145132,2.8244967460632324,3.3966665267944336,6.675915241241455
-44.32260513305664,191.5293731689453,-179.81590270996094,-28.777883529663086,-3.2592523097991943,6.2774292899231625,-113.41064453125,0.4026906490325928,0.0,False,0.00011926616571145132,2.8414738178253174,3.392934799194336,6.6740641593933105
-44.4664306640625,191.5087432861328,179.6151885986328,-28.76717185974121,-3.192668914794922,-353.28224396625126,-112.35283660888672,0.41196849942207336,0.0,False,0.00011926616571145132,2.858438014984131,3.389310598373413,6.6716532707214355
-44.61024475097656,191.4884796142578,179.05227661132812,-28.756723403930664,-3.1276636123657227,-352.8450227190092,-111.16478729248047,0.4181499779224396,0.0,False,0.00011926616571145132,2.8753883838653564,3.3857686519622803,6.6687164306640625
-44.75404739379883,191.4685821533203,178.49609375,-28.746488571166992,-3.0643692016601562,-352.4113551404755,-109.84562683105469,0.42051735520362854,0.0,False,0.00011926616571145132,2.8923263549804688,3.3823208808898926,6.665253162384033
-44.89784240722656,191.4490509033203,177.9472198486328,-28.736425399780273,-3.002941608428955,-351.981493140119,-108.39266967773438,0.4204045236110687,0.0,False,0.00011926616571145132,2.9092514514923096,3.378941059112549,6.661284923553467
-45.041629791259766,191.42990112304688,177.40638732910156,-28.72648048400879,-2.9435229301452637,-351.5558663144376,-106.8034896850586,0.41972777247428894,0.0,False,0.00011926616571145132,2.926163673400879,3.375638246536255,6.656858921051025
-45.18540954589844,191.4110870361328,176.874267578125,-28.71660041809082,-2.886268138885498,-351.1348181854499,-105.07514953613281,0.41747429966926575,0.0,False,0.00011926616571145132,2.943063974380493,3.37241530418396,6.651982307434082
-45.32917404174805,191.39263916015625,176.3515625,-28.706722259521484,-2.8313145637512207,-350.7187561141082,-101.28633117675781,0.41623643040657043,0.0,False,0.00011926616571145132,2.959951639175415,3.3692574501037598,6.646682262420654
-45.47291946411133,191.37454223632812,175.83865356445312,-28.69669532775879,-2.7763631343841553,-350.3125700962511,-101.28633117675781,0.41623643040657043,0.0,False,0.00011926616571145132,2.9768269062042236,3.366137981414795,6.640992641448975
-45.61664581298828,191.35679626464844,175.335693359375,-28.686420440673828,-2.721456289291382,-349.91631111663844,-99.31481170654297,0.41623643040657043,0.0,False,0.00011926616571145132,2.993689775466919,3.363060235977173,6.634947776794434
-45.760345458984375,191.33941650390625,174.8428955078125,-28.675851821899414,-2.6666698455810547,-349.5300360988881,-97.29286193847656,0.41623643040657043,0.0,False,0.00011926616571145132,3.01054048538208,3.3599939346313477,6.628568649291992
-45.904022216796875,191.32240295410156,174.36065673828125,-28.664962768554688,-2.6120316982269287,-349.15408374437675,-95.22035217285156,0.41623643040657043,0.0,False,0.00011926616571145132,3.027378559112549,3.356964349746704,6.621881484985352
-46.04766082763672,191.3057403564453,173.8891143798828,-28.653743743896484,-2.55763578414917,-348.7884056058764,-93.10003662109375,0.4169115126132965,0.0,False,0.00011926616571145132,3.044203519821167,3.35394287109375,6.614928722381592
-46.1912727355957,191.2894287109375,173.4285888671875,-28.642187118530273,-2.503493070602417,-348.4333009804501,-90.92939758300781,0.4193895161151886,0.0,False,0.00011926616571145132,3.0610158443450928,3.350955009460449,6.607729434967041
-46.3348388671875,191.2735137939453,172.9792938232422,-28.63028907775879,-2.4496850967407227,-348.0888228384041,-86.44390106201172,0.4250377416610718,0.0,False,0.00011926616571145132,3.077814817428589,3.3479790687561035,6.600325584411621
-46.47835922241211,191.25796508789062,172.54150390625,-28.618059158325195,-2.3962700366973877,-347.75513343282046,-86.44390106201172,0.4332118332386017,0.0,False,0.00011926616571145132,3.0946006774902344,3.3450164794921875,6.592737197875977
-46.621829986572266,191.2427520751953,172.1154022216797,-28.605487823486328,-2.3432881832122803,-347.43233544776047,-84.12886047363281,0.4448760151863098,0.0,False,0.00011926616571145132,3.11137318611145,3.342078685760498,6.584998607635498
-46.621829986572266,191.2427520751953,172.1154022216797,-28.605487823486328,-2.3432881832122803,-347.43233544776047,-81.76656341552734,0.4448760151863098,0.0,False,0.00011926616571145132,3.11137318611145,3.342078685760498,6.584998607635498
-46.76525115966797,191.22792053222656,171.7012939453125,-28.592586517333984,-2.290816068649292,-347.12058471088676,-79.35619354248047,0.45733749866485596,0.0,False,0.00011926616571145132,3.1281323432922363,3.339146137237549,6.577144145965576
-46.90861892700195,191.2134552001953,171.2993621826172,-28.579355239868164,-2.2388906478881836,-346.81999142780614,-76.8989028930664,0.47684168815612793,0.0,False,0.00011926616571145132,3.1448776721954346,3.3362462520599365,6.56920051574707
-47.05192184448242,191.19932556152344,170.90989685058594,-28.565797805786133,-2.187589406967163,-346.53069213923646,-74.39336395263672,0.48949509859085083,0.0,False,0.00011926616571145132,3.1616084575653076,3.3333499431610107,6.561215877532959
-47.195159912109375,191.18557739257812,170.5331268310547,-28.551918029785156,-2.1369528770446777,-346.25283556178965,-71.84075164794922,0.5019160509109497,0.0,False,0.00011926616571145132,3.1783254146575928,3.3304686546325684,6.55320405960083
-47.33833312988281,191.17218017578125,170.16929626464844,-28.537721633911133,-2.0870583057403564,-345.98651230810395,-69.2403335571289,0.5110716819763184,0.0,False,0.00011926616571145132,3.195028066635132,3.3276071548461914,6.545206069946289
-47.62445831298828,191.14645385742188,169.48133850097656,-28.508390426635742,-1.9897161722183228,-345.48890796524154,-66.59224700927734,0.5266473293304443,0.0,False,0.00011926616571145132,3.228389263153076,3.3219127655029297,6.529359817504883
-47.62445831298828,191.14645385742188,169.48133850097656,-28.508390426635742,-1.9897161722183228,-345.48890796524154,-63.89569854736328,0.5266473293304443,0.0,False,0.00011926616571145132,3.228389263153076,3.3219127655029297,6.529359817504883
-47.76740264892578,191.1341094970703,169.15773010253906,-28.493255615234375,-1.9423766136169434,-345.2579276161124,-61.152462005615234,0.5322938561439514,0.0,False,0.00011926616571145132,3.2450478076934814,3.31909441947937,6.521566867828369
-47.91025924682617,191.12213134765625,168.84803771972656,-28.477819442749023,-1.8960089683532715,-345.03899521216414,-58.362178802490234,0.5341408848762512,0.0,False,0.00011926616571145132,3.261691093444824,3.316276788711548,6.513910293579102
-48.05302810668945,191.11048889160156,168.55239868164062,-28.462081909179688,-1.8506633043289185,-344.8321458691843,-55.5248908996582,0.534757137298584,0.0,False,0.00011926616571145132,3.2783193588256836,3.3134710788726807,6.506417274475098
-48.338294982910156,191.08819580078125,168.00457763671875,-28.42970085144043,-1.7632107734680176,-344.4556375820371,-52.640628814697266,0.534757137298584,0.0,False,0.00011926616571145132,3.311528444290161,3.3078761100769043,6.492033004760742
-48.48078155517578,191.0775604248047,167.75277709960938,-28.413068771362305,-1.7212320566177368,-344.2860991301934,-49.710693359375,0.534757137298584,0.0,False,0.00011926616571145132,3.3281097412109375,3.30509090423584,6.485182285308838
-48.6231689453125,191.06724548339844,167.5160675048828,-28.396135330200195,-1.6804661750793457,-344.12928784634687,-46.73398971557617,0.534264087677002,0.0,False,0.00011926616571145132,3.344674587249756,3.3023107051849365,6.478618621826172
-48.6231689453125,191.06724548339844,167.5160675048828,-28.396135330200195,-1.6804661750793457,-344.12928784634687,-43.71164321899414,0.534264087677002,0.0,False,0.00011926616571145132,3.344674587249756,3.3023107051849365,6.478618621826172
-48.90761947631836,191.04757690429688,167.08876037597656,-28.36138153076172,-1.6028324365615845,-343.8541524457994,-40.64417266845703,0.5314329266548157,0.0,False,0.00011926616571145132,3.3777554035186768,3.296769618988037,6.466372013092041
-48.90761947631836,191.04757690429688,167.08876037597656,-28.36138153076172,-1.6028324365615845,-343.8541524457994,-37.53245544433594,0.5314329266548157,0.0,False,0.00011926616571145132,3.3777554035186768,3.296769618988037,6.466372013092041
-49.19162368774414,191.0291290283203,166.7244873046875,-28.32544708251953,-1.530722975730896,-343.6312002407386,-34.37633514404297,0.5193215608596802,0.0,False,0.00011926616571145132,3.410769462585449,3.2912228107452393,6.455512046813965
-49.33344650268555,191.02037048339844,166.56646728515625,-28.307024002075195,-1.4968479871749878,-343.5395411976008,-31.17713165283203,0.5072084665298462,0.0,False,0.00011926616571145132,3.427251100540161,3.288456439971924,6.450648784637451
-49.47515106201172,191.0119171142578,166.42489624023438,-28.288297653198242,-1.4644955396652222,-343.4613184728245,-27.935302734375,0.48747631907463074,0.0,False,0.00011926616571145132,3.443716287612915,3.285679340362549,6.446188926696777
-49.616737365722656,191.00372314453125,166.2999267578125,-28.269262313842773,-1.4337098598480225,-343.39658949232194,-24.652923583984375,0.46407845616340637,0.0,False,0.00011926616571145132,3.4601635932922363,3.282888174057007,6.44215202331543
-49.75819396972656,190.99581909179688,166.19180297851562,-28.24990463256836,-1.4045215845108032,-343.345529609977,-21.329452514648438,0.4380026161670685,0.0,False,0.00011926616571145132,3.476593255996704,3.280095100402832,6.438559532165527
-49.75819396972656,190.99581909179688,166.19180297851562,-28.24990463256836,-1.4045215845108032,-343.345529609977,-18.036184310913086,0.4380026161670685,0.0,False,0.00011926616571145132,3.476593255996704,3.280095100402832,6.438559532165527
-50.04071807861328,190.9808807373047,166.02452087402344,-28.211381912231445,-1.3411017656326294,-343.3028651813984,-14.938066482543945,0.3803550899028778,0.0,False,0.00011926616571145132,3.5094008445739746,3.2746362686157227,6.432692527770996
-50.18179702758789,190.973876953125,165.9634552001953,-28.192758560180664,-1.3024616241455078,-343.3183599801167,-12.038436889648438,0.34391507506370544,0.0,False,0.00011926616571145132,3.5257797241210938,3.2720189094543457,6.430383682250977
-50.32276153564453,190.9672088623047,165.91600036621094,-28.174509048461914,-1.259213924407959,-343.35696153837466,-9.339631080627441,0.3062802851200104,0.0,False,0.00011926616571145132,3.542142629623413,3.2694735527038574,6.428491592407227
-50.46360778808594,190.9608612060547,165.88125610351562,-28.156496047973633,-1.211396336555481,-343.41769958582313,-6.843105316162109,0.28667134046554565,0.0,False,0.00011926616571145132,3.5584893226623535,3.266976833343506,6.426982402801514
-50.60434341430664,190.95486450195312,165.85813903808594,-28.1385440826416,-1.1591719388961792,-343.4991638260878,-4.544337749481201,0.2766337990760803,0.0,False,0.00011926616571145132,3.5748214721679688,3.264519691467285,6.425807476043701
-50.74496841430664,190.94923400878906,165.84625244140625,-28.12055778503418,-1.1055482625961304,-343.5948517051935,-2.3342978954315186,0.2742614150047302,0.0,False,0.00011926616571145132,3.5911381244659424,3.262073040008545,6.424994468688965
-50.88547897338867,190.94398498535156,165.8455352783203,-28.10256004333496,-1.0525304079055786,-343.70062833369207,-0.13733460009098053,0.2752925455570221,0.0,False,0.00011926616571145132,3.60744047164917,3.2596511840820312,6.424502849578857
-51.025882720947266,190.93905639648438,165.8560028076172,-28.084613800048828,-1.0008269548416138,-343.81506660614355,2.0697710514068604,0.279835969209671,0.0,False,0.00011926616571145132,3.623727560043335,3.2572569847106934,6.424393653869629
-51.16616439819336,190.93446350097656,165.87791442871094,-28.06676483154297,-0.9517096281051636,-343.9358288151097,4.3328633308410645,0.2910340130329132,0.0,False,0.00011926616571145132,3.6399998664855957,3.254887104034424,6.4245781898498535
-51.16616439819336,190.93446350097656,165.87791442871094,-28.06676483154297,-0.9517096281051636,-343.9358288151097,6.650394439697266,0.2910340130329132,0.0,False,0.00011926616571145132,3.6399998664855957,3.254887104034424,6.4245781898498535
-51.44640350341797,190.92626953125,165.9571533203125,-28.03145980834961,-0.8608358502388,-344.19817375931075,9.0023832321167,0.3101646304130554,0.0,False,0.00011926616571145132,3.672501802444458,3.25026798248291,6.426039695739746
-51.586360931396484,190.92263793945312,166.01483154296875,-28.01400375366211,-0.8187687397003174,-344.34071731632343,11.392175674438477,0.3188038170337677,0.0,False,0.00011926616571145132,3.6887311935424805,3.24800443649292,6.4272894859313965
-51.72621154785156,190.9193115234375,166.08462524414062,-27.996686935424805,-0.7783890962600708,-344.4920466679001,13.793813705444336,0.32398688793182373,0.0,False,0.00011926616571145132,3.704946756362915,3.2457754611968994,6.4288740158081055
-51.86594772338867,190.916259765625,166.1665496826172,-27.979522705078125,-0.7392850518226624,-344.65301206325637,16.188581466674805,0.3266373872756958,0.0,False,0.00011926616571145132,3.72114896774292,3.243591785430908,6.430807113647461
-52.00557327270508,190.9135284423828,166.26048278808594,-27.96253776550293,-0.7009767889976501,-344.8244685788526,18.55657958984375,0.3264251947402954,0.0,False,0.00011926616571145132,3.737337589263916,3.2414309978485107,6.433061122894287
-52.14509582519531,190.9110565185547,166.36624145507812,-27.94573402404785,-0.6635288000106812,-345.0060961794678,20.896038055419922,0.3261069655418396,0.0,False,0.00011926616571145132,3.7535130977630615,3.2393176555633545,6.435629367828369
-52.14509582519531,190.9110565185547,166.36624145507812,-27.94573402404785,-0.6635288000106812,-345.0060961794678,23.20092010498047,0.3261069655418396,0.0,False,0.00011926616571145132,3.7535130977630615,3.2393176555633545,6.435629367828369
-52.42384338378906,190.90695190429688,166.61251831054688,-27.912750244140625,-0.590736448764801,-345.400109893134,25.462078094482422,0.3222927451133728,0.0,False,0.00011926616571145132,3.785825729370117,3.2351765632629395,6.441660404205322
-52.56306076049805,190.90530395507812,166.75254821777344,-27.896610260009766,-0.5549230575561523,-345.61296329484713,27.665786743164062,0.31785351037979126,0.0,False,0.00011926616571145132,3.8019633293151855,3.2331621646881104,6.445096015930176
-52.56306076049805,190.90530395507812,166.75254821777344,-27.896610260009766,-0.5549230575561523,-345.61296329484713,29.799762725830078,0.31785351037979126,0.0,False,0.00011926616571145132,3.8019633293151855,3.2331621646881104,6.445096015930176
-52.702186584472656,190.90391540527344,166.90335083007812,-27.8807315826416,-0.5191468000411987,-345.8366111158933,31.852558135986328,0.3116365969181061,0.0,False,0.00011926616571145132,3.818089008331299,3.2312066555023193,6.448791027069092
-52.980159759521484,190.90194702148438,167.23582458496094,-27.84980583190918,-0.4472410976886749,-346.31578855376245,33.83173370361328,0.29686686396598816,0.0,False,0.00011926616571145132,3.850306272506714,3.2274158000946045,6.456837177276611
-53.11901092529297,190.90133666992188,167.41659545898438,-27.834774017333984,-0.4110340476036072,-346.57057441537506,35.719635009765625,0.287605345249176,0.0,False,0.00011926616571145132,3.866398811340332,3.225576400756836,6.461153507232666
-53.257781982421875,190.90098571777344,167.60643005371094,-27.82003402709961,-0.3740942180156708,-346.83602380433854,37.49931335449219,0.27570512890815735,0.0,False,0.00011926616571145132,3.882481336593628,3.223787546157837,6.465668678283691
-53.39646911621094,190.90090942382812,167.80467224121094,-27.805570602416992,-0.336275577545166,-347.11178115249425,39.1629638671875,0.26254433393478394,0.0,False,0.00011926616571145132,3.8985533714294434,3.222048759460449,6.47031307220459
-53.53507614135742,190.90109252929688,168.01043701171875,-27.791357040405273,-0.296005517244339,-347.4002032062923,40.64850616455078,0.24032191932201385,0.0,False,0.00011926616571145132,3.914616107940674,3.2203450202941895,6.475080490112305
-53.53507614135742,190.90109252929688,168.01043701171875,-27.791357040405273,-0.296005517244339,-347.4002032062923,41.941036224365234,0.24032191932201385,0.0,False,0.00011926616571145132,3.914616107940674,3.2203450202941895,6.475080490112305
-53.812068939208984,190.9022674560547,168.4407196044922,-27.76322364807129,-0.20715545117855072,-348.0132147532605,43.04460906982422,0.18251734972000122,0.0,False,0.00011926616571145132,3.946714401245117,3.216984987258911,6.484827041625977
-53.812068939208984,190.9022674560547,168.4407196044922,-27.76322364807129,-0.20715545117855072,-348.0132147532605,43.96379470825195,0.18251734972000122,0.0,False,0.00011926616571145132,3.946714401245117,3.216984987258911,6.484827041625977
-53.95045852661133,190.9032745361328,168.66336059570312,-27.749069213867188,-0.1588696986436844,-348.3353328805628,44.702049255371094,0.14510391652584076,0.0,False,0.00011926616571145132,3.9627504348754883,3.215306043624878,6.489758491516113
-54.08877182006836,190.90457153320312,168.8897705078125,-27.73470115661621,-0.1081848293542862,-348.6662778277678,45.262413024902344,0.1181827113032341,0.0,False,0.00011926616571145132,3.97877836227417,3.2136125564575195,6.494676113128662
-54.36519241333008,190.90802001953125,169.3502197265625,-27.70490264892578,-0.00010778920841403306,-349.34999681053944,45.64814758300781,0.04816580191254616,0.0,False,0.00011926616571145132,4.01080846786499,3.210110902786255,6.5044026374816895
-54.36519241333008,190.90802001953125,169.3502197265625,-27.70490264892578,-0.00010778920841403306,-349.34999681053944,45.86189270019531,0.04816580191254616,0.0,False,0.00011926616571145132,4.01080846786499,3.210110902786255,6.5044026374816895
-54.641326904296875,190.91268920898438,169.8151092529297,-27.672964096069336,0.11622624099254608,9.94425031916191,45.90785217285156,-0.026467323303222656,0.0,False,0.00011926616571145132,4.042805194854736,3.2063992023468018,6.51384162902832
-54.77927780151367,190.91546630859375,170.047119140625,-27.655929565429688,0.1772405058145523,9.585690384375795,45.78804016113281,-0.05941560119390488,0.0,False,0.00011926616571145132,4.0587897300720215,3.2044155597686768,6.518390655517578
-54.91714859008789,190.91854858398438,170.27772521972656,-27.638046264648438,0.24004358053207397,9.224658627446473,45.50580596923828,-0.08582503348588943,0.0,False,0.00011926616571145132,4.074765205383301,3.2023463249206543,6.522809982299805
-55.05493927001953,190.92190551757812,170.50653076171875,-27.619672775268555,0.3026147186756134,8.865733617029548,45.13728332519531,-0.10585381835699081,0.0,False,0.00011926616571145132,4.090731143951416,3.2002196311950684,6.527071952819824
-55.19264221191406,190.9255828857422,170.73294067382812,-27.60093116760254,0.3649635314941406,8.509488818270967,44.68336486816406,-0.1238248199224472,0.0,False,0.00011926616571145132,4.106688022613525,3.198059320449829,6.531176567077637
-55.33026123046875,190.92955017089844,170.9567413330078,-27.581892013549805,0.427080899477005,8.156155719038708,44.14522171020508,-0.13718339800834656,0.0,False,0.00011926616571145132,4.1226348876953125,3.1958649158477783,6.5351176261901855
-55.33026123046875,190.92955017089844,170.9567413330078,-27.581892013549805,0.427080899477005,8.156155719038708,43.52350997924805,-0.13718339800834656,0.0,False,0.00011926616571145132,4.1226348876953125,3.1958649158477783,6.5351176261901855
-55.467796325683594,190.93380737304688,171.17735290527344,-27.562570571899414,0.4889689087867737,7.806308062517218,42.8203239440918,-0.1423639953136444,0.0,False,0.00011926616571145132,4.1385722160339355,3.1936419010162354,6.538915157318115
-55.74260711669922,190.9431610107422,171.60755920410156,-27.523109436035156,0.6120306253433228,7.118566069382922,42.036861419677734,-0.1439294070005417,0.0,False,0.00011926616571145132,4.170416355133057,3.1891119480133057,6.545977592468262
-55.74260711669922,190.9431610107422,171.60755920410156,-27.523109436035156,0.6120306253433228,7.118566069382922,41.17505645751953,-0.1439294070005417,0.0,False,0.00011926616571145132,4.170416355133057,3.1891119480133057,6.545977592468262
-55.87987518310547,190.9482421875,171.8163299560547,-27.502952575683594,0.6732050776481628,6.781489353897996,40.235633850097656,-0.1436358392238617,0.0,False,0.00011926616571145132,4.186323642730713,3.1868083477020264,6.549235820770264
-56.154144287109375,190.95919799804688,172.2191925048828,-27.46172332763672,0.7948529720306396,6.122899546456324,39.221378326416016,-0.1370857208967209,0.0,False,0.00011926616571145132,4.218106746673584,3.182084560394287,6.555266857147217
-56.2911376953125,190.96505737304688,172.41258239746094,-27.440673828125,0.8551617860794067,5.802428329591436,38.140323638916016,-0.13327832520008087,0.0,False,0.00011926616571145132,4.233983039855957,3.1796786785125732,6.558019638061523
-56.42803955078125,190.97116088867188,172.60049438476562,-27.419872283935547,0.9133691787719727,5.491660980361587,37.060401916503906,-0.13122975826263428,0.0,False,0.00011926616571145132,4.249848365783691,3.1773087978363037,6.56060791015625
-56.56484603881836,190.97750854492188,172.78289794921875,-27.399450302124023,0.969763994216919,5.190046788181519,35.97338104248047,-0.13083967566490173,0.0,False,0.00011926616571145132,4.265703201293945,3.1749660968780518,6.563032627105713
-56.56484603881836,190.97750854492188,172.78289794921875,-27.399450302124023,0.969763994216919,5.190046788181519,34.877479553222656,-0.13083967566490173,0.0,False,0.00011926616571145132,4.265703201293945,3.1749660968780518,6.563032627105713
-56.83820343017578,190.9908905029297,173.13096618652344,-27.35990333557129,1.0775530338287354,4.613640287531837,33.77264404296875,-0.13083967566490173,0.0,False,0.00011926616571145132,4.297382831573486,3.170459032058716,6.567438125610352
-56.97474670410156,190.99790954589844,173.2965545654297,-27.340768814086914,1.1291756629943848,4.3384697679449005,32.65535354614258,-0.1319124847650528,0.0,False,0.00011926616571145132,4.313208103179932,3.1682825088500977,6.5694260597229
-57.111209869384766,191.005126953125,173.456298828125,-27.32194709777832,1.179654836654663,4.071428946596939,31.51556396484375,-0.13483986258506775,0.0,False,0.00011926616571145132,4.329023361206055,3.1661453247070312,6.571290493011475
-57.24758529663086,191.01255798339844,173.61016845703125,-27.30337142944336,1.2291265726089478,3.8122652431778477,30.35055923461914,-0.1386488676071167,0.0,False,0.00011926616571145132,4.344829082489014,3.1640191078186035,6.573018550872803
-57.383880615234375,191.02015686035156,173.75796508789062,-27.28499412536621,1.277611255645752,3.561136275037626,29.16261863708496,-0.14207056164741516,0.0,False,0.00011926616571145132,4.360625743865967,3.161942720413208,6.574630260467529
-57.52009201049805,191.02793884277344,173.89967346191406,-27.266855239868164,1.3249342441558838,3.318433378436481,27.96040916442871,-0.14412513375282288,0.0,False,0.00011926616571145132,4.376412868499756,3.1598916053771973,6.5761332511901855
-57.656219482421875,191.03591918945312,174.03529357910156,-27.248979568481445,1.371046781539917,3.0842681668754324,26.74909019470215,-0.14559341967105865,0.0,False,0.00011926616571145132,4.392190933227539,3.1578447818756104,6.577512741088867
-57.79227066040039,191.04405212402344,174.16465759277344,-27.231403350830078,1.41583251953125,2.8590635652920753,25.535663604736328,-0.14569132030010223,0.0,False,0.00011926616571145132,4.407959461212158,3.155850410461426,6.578790187835693
-57.79227066040039,191.04405212402344,174.16465759277344,-27.231403350830078,1.41583251953125,2.8590635652920753,24.322479248046875,-0.14569132030010223,0.0,False,0.00011926616571145132,4.407959461212158,3.155850410461426,6.578790187835693
-57.92823791503906,191.05235290527344,174.28790283203125,-27.21415138244629,1.4593104124069214,2.6426527666046695,23.11124610900879,-0.14569132030010223,0.0,False,0.00011926616571145132,4.4237189292907715,3.1538875102996826,6.579951286315918
-58.199951171875,191.06944274902344,174.5159912109375,-27.180686950683594,1.5422189235687256,2.236556131314984,21.91180992126465,-0.1436358392238617,0.0,False,0.00011926616571145132,4.455212116241455,3.1500887870788574,6.582047939300537
-58.199951171875,191.06944274902344,174.5159912109375,-27.180686950683594,1.5422189235687256,2.236556131314984,20.731050491333008,-0.1436358392238617,0.0,False,0.00011926616571145132,4.455212116241455,3.1500887870788574,6.582047939300537
-58.335693359375,191.07823181152344,174.62095642089844,-27.164573669433594,1.5813547372817993,2.047395083916797,19.575319290161133,-0.14060372114181519,0.0,False,0.00011926616571145132,4.470946311950684,3.148273229598999,6.582963466644287
-58.60696792602539,191.0961456298828,174.8135528564453,-27.13385772705078,1.6542539596557617,1.6976472568345002,18.460189819335938,-0.13035212457180023,0.0,False,0.00011926616571145132,4.502389907836914,3.144808292388916,6.584554672241211
-58.74250030517578,191.1053009033203,174.90158081054688,-27.11939239501953,1.6875988245010376,1.537580951836162,17.390777587890625,-0.12343546748161316,0.0,False,0.00011926616571145132,4.518099784851074,3.1431658267974854,6.585278511047363
-58.877967834472656,191.1145782470703,174.984375,-27.105499267578125,1.7190264463424683,1.3867957244777642,16.362442016601562,-0.1173078864812851,0.0,False,0.00011926616571145132,4.533802509307861,3.1415865421295166,6.585920810699463
-59.01337432861328,191.12396240234375,175.06214904785156,-27.09218978881836,1.7484384775161743,1.2452955347395402,15.380913734436035,-0.11041257530450821,0.0,False,0.00011926616571145132,4.549498081207275,3.1400771141052246,6.586521625518799
-59.14871597290039,191.13345336914062,175.13523864746094,-27.079450607299805,1.7757830619812012,1.1128608262952753,14.450346946716309,-0.10304314643144608,0.0,False,0.00011926616571145132,4.565187454223633,3.1386430263519287,6.5870819091796875
-59.28400802612305,191.14300537109375,175.203857421875,-27.067296981811523,1.8009061813354492,0.9896129850031343,13.578228950500488,-0.0947173461318016,0.0,False,0.00011926616571145132,4.580869197845459,3.137265920639038,6.587601184844971
-59.41924285888672,191.15264892578125,175.26853942871094,-27.05588150024414,1.8228155374526978,0.8771397195866939,12.803411483764648,-0.08061198890209198,0.0,False,0.00011926616571145132,4.596545219421387,3.1359782218933105,6.588072299957275
-59.55442810058594,191.162353515625,175.32969665527344,-27.045150756835938,1.8418034315109253,0.7744153258906579,12.115991592407227,-0.06827199459075928,0.0,False,0.00011926616571145132,4.612215518951416,3.1347734928131104,6.58853006362915
-59.55442810058594,191.162353515625,175.32969665527344,-27.045150756835938,1.8418034315109253,0.7744153258906579,11.555438041687012,-0.06827199459075928,0.0,False,0.00011926616571145132,4.612215518951416,3.1347734928131104,6.58853006362915
-59.82466125488281,191.181884765625,175.444091796875,-27.025985717773438,1.867901086807251,0.6021976964640885,11.123196601867676,-0.0331844799220562,0.0,False,0.00011926616571145132,4.643540382385254,3.132617235183716,6.589390277862549
-59.82466125488281,191.181884765625,175.444091796875,-27.025985717773438,1.867901086807251,0.6021976964640885,10.88033390045166,-0.0331844799220562,0.0,False,0.00011926616571145132,4.643540382385254,3.132617235183716,6.589390277862549
-60.09473419189453,191.2014923095703,175.553466796875,-27.009761810302734,1.8729612827301025,0.4797724092772455,10.833663940429688,0.02224637195467949,0.0,False,0.00011926616571145132,4.6748456954956055,3.1308093070983887,6.590237617492676
-60.09473419189453,191.2014923095703,175.553466796875,-27.009761810302734,1.8729612827301025,0.4797724092772455,10.880934715270996,0.02224637195467949,0.0,False,0.00011926616571145132,4.6748456954956055,3.1308093070983887,6.590237617492676
-60.36465835571289,191.2210235595703,175.66360473632812,-26.995004653930664,1.8630138635635376,0.38848529037557,11.018933296203613,0.08109448850154877,0.0,False,0.00011926616571145132,4.70613431930542,3.1291589736938477,6.59113883972168
-60.49956512451172,191.2307586669922,175.72012329101562,-26.987815856933594,1.853646159172058,0.3507124584582755,11.243839263916016,0.10507829487323761,0.0,False,0.00011926616571145132,4.72177267074585,3.128363609313965,6.591610431671143
-60.63443374633789,191.2404022216797,175.77821350097656,-26.98064613342285,1.8414785861968994,0.3172997167146434,11.55174446105957,0.12343546748161316,0.0,False,0.00011926616571145132,4.737406253814697,3.1275596618652344,6.59210205078125
-60.76927185058594,191.25001525878906,175.8381805419922,-26.97342300415039,1.8265947103500366,0.2877605323000978,11.939249992370605,0.13835573196411133,0.0,False,0.00011926616571145132,4.753036022186279,3.1267647743225098,6.592607498168945
-60.76927185058594,191.25001525878906,175.8381805419922,-26.97342300415039,1.8265947103500366,0.2877605323000978,12.402667045593262,0.13835573196411133,0.0,False,0.00011926616571145132,4.753036022186279,3.1267647743225098,6.592607498168945
-61.03882598876953,191.2689971923828,175.96548461914062,-26.958587646484375,1.7890105247497559,0.23785208074417596,12.93872356414795,0.15981949865818024,0.0,False,0.00011926616571145132,4.78428316116333,3.125096321105957,6.593686580657959
-61.17354202270508,191.27835083007812,176.03355407714844,-26.950862884521484,1.7664484977722168,0.21645519787114154,13.544671058654785,0.1628689467906952,0.0,False,0.00011926616571145132,4.799900054931641,3.124229907989502,6.59426736831665
-61.17354202270508,191.27835083007812,176.03355407714844,-26.950862884521484,1.7664484977722168,0.21645519787114154,14.216660499572754,0.1628689467906952,0.0,False,0.00011926616571145132,4.799900054931641,3.124229907989502,6.59426736831665
-61.44285583496094,191.2967987060547,176.1800994873047,-26.93454360961914,1.7141202688217163,0.17849521827105264,14.952037811279297,0.16296736896038055,0.0,False,0.00011926616571145132,4.831119060516357,3.1223864555358887,6.595462322235107
-61.44285583496094,191.2967987060547,176.1800994873047,-26.93454360961914,1.7141202688217163,0.17849521827105264,15.748286247253418,0.16296736896038055,0.0,False,0.00011926616571145132,4.831119060516357,3.1223864555358887,6.595462322235107
-61.71199035644531,191.3147430419922,176.3426055908203,-26.916812896728516,1.6532129049301147,0.14274044756922422,16.577363967895508,0.1628689467906952,0.0,False,0.00011926616571145132,4.862318515777588,3.1203651428222656,6.596760272979736
-61.71199035644531,191.3147430419922,176.3426055908203,-26.916812896728516,1.6532129049301147,0.14274044756922422,17.385377883911133,0.1628689467906952,0.0,False,0.00011926616571145132,4.862318515777588,3.1203651428222656,6.596760272979736
-61.84648132324219,191.3235321044922,176.4300079345703,-26.90757942199707,1.6218119859695435,0.12075202225980775,18.173505783081055,0.1625737100839615,0.0,False,0.00011926616571145132,4.8779096603393555,3.1193230152130127,6.5974297523498535
-61.98093795776367,191.3321990966797,176.5214080810547,-26.898239135742188,1.5902115106582642,0.09522990460214942,18.943180084228516,0.16247530281543732,0.0,False,0.00011926616571145132,4.893495559692383,3.118264675140381,6.598119258880615
-62.24968719482422,191.34915161132812,176.7158203125,-26.879369735717773,1.5262616872787476,0.034306190933307334,19.694629669189453,0.16247530281543732,0.0,False,0.00011926616571145132,4.924651145935059,3.1161043643951416,6.599526405334473
-62.24968719482422,191.34915161132812,176.7158203125,-26.879369735717773,1.5262616872787476,0.034306190933307334,20.42827606201172,0.16247530281543732,0.0,False,0.00011926616571145132,4.924651145935059,3.1161043643951416,6.599526405334473
-62.38399124145508,191.35743713378906,176.81866455078125,-26.86986541748047,1.4938617944717407,-0.0008149430084642972,21.14212989807129,0.16247530281543732,0.0,False,0.00011926616571145132,4.940220355987549,3.1150271892547607,6.6002302169799805
-62.51824951171875,191.36558532714844,176.92507934570312,-26.860321044921875,1.4612162113189697,-0.038931895105633885,21.824670791625977,0.16208171844482422,0.0,False,0.00011926616571145132,4.955784797668457,3.113952875137329,6.600940227508545
